id,firstname,country,city,profession,age,gender,rand
100,Asia,Kyrgyzstan,Muscat,firefighter,26,female,1
101,Drucie,French Polynesia,Maceió,firefighter,27,male,2
102,Sam,"Lao People""S Democratic Republic",Asunción,worker,24,male,3
103,Antonietta,Sudan,Astana,doctor,28,female,3
104,Helsa,Mauritius,Belize City,police officer,28,female,2
105,Maryellen,Namibia,Chuí,firefighter,23,female,1
106,Verla,Tonga,Ibiza,developer,22,female,1
107,Philis,Cook Islands,Split (city),police officer,25,male,1
108,Lynnea,Ukraine,Lhasa,developer,34,female,1
109,Hope,Angola,Stockholm,police officer,30,male,2
110,Nessie,Uruguay,Nukuʻalofa,developer,21,male,2
111,Bertine,Monaco,Chongqing,police officer,26,male,2
112,Kaia,Trinidad and Tobago,Kaesong,doctor,24,male,3
113,Valera,Turks and Caicos Islands,Bamako,police officer,29,female,3
114,Lyssa,Peru,Vancouver,doctor,18,female,3
115,Edee,France,Geelong,firefighter,20,male,1
116,Viviene,Papua New Guinea,Srinagar,police officer,20,male,2
117,Ilse,"Lao People""S Democratic Republic",Anadyr (town),police officer,29,male,3
118,Britte,Brunei Darussalam,Palembang,developer,20,male,3
119,Darlleen,Guinea,Gaza,worker,35,female,2
120,Sam,Monaco,Ibiza,doctor,21,male,1